{
    "type": "page",
    "title": "表单页面",
    "body": [{
        "type": "grid",
        "body": [{
                "type": "wselect",
                "placeholder": "请选择",
                "name": "code",
                "id": "select1",
                "data": [{
                        "value": "测试1",
                        "label": "测试1"
                    },
                    {
                        "value": "测试2",
                        "label": "测试2",
                        "disabled": true
                    },
                    {
                        "value": "测试3",
                        "label": "测试3"
                    }
                ]
            },
            {
                "label": "刷新数据",
                "type": "wbutton",
                "id": "b_001",
                "onEvent": {
                    "click": {
                        "actions": [{
                            "actionType": "reload",
                            "componentId": "echarts1"
                        }]
                    }
                }
            },
            {
                "label": "显示",
                "type": "wbutton",
                "id": "b_002",
                "onEvent": {
                    "click": {
                        "actions": [{
                            "actionType": "show",
                            "componentId": "select1"
                        }]
                    }
                }
            },
            {
                "label": "隐藏",
                "type": "wbutton",
                "id": "b_003",
                "onEvent": {
                    "click": {
                        "actions": [{
                            "actionType": "hidden",
                            "componentId": "select"
                        }]
                    }
                }
            },
            {
                "type": "span",
                "id": "span1",
                "label": "data.a_code"
            },
            {
                "label": "bar",
                "type": "echarts-bar",
                "id": "echarts1",
                "options": {
                    "width": "100%",
                    "height": "350px"
                },
                "echartsOptions": {
                    "grid": {
                        "left": "0%",
                        "right": "0%",
                        "bottom": "0%",
                        "containLabel": true
                    }
                },
                "onEvent": {
                    "click": {
                        "actions": [{
                                "actionType": "echarts-reload",
                                "componentId": "select1",
                                "select": "y",
                                "key": "mgtorgcod"
                            },
                            {
                                "actionType": "echarts-reload",
                                "componentId": "echarts2",
                                "select": "x",
                                "key": "mgtorgcod"
                            }
                        ]
                    }
                },
                "axiosdata": {
                    "url": "/member/json/resdata1111",
                    "method": "post",
                    "req": {
                        "code": "data.a_code"
                    }
                }
            },
            {
                "label": "bar",
                "type": "echarts-bar",
                "id": "echarts2",
                "options": {
                    "width": "100%",
                    "height": "350px"
                },
                "echartsOptions": {
                    "grid": {
                        "left": "0%",
                        "right": "0%",
                        "bottom": "0%",
                        "containLabel": true
                    }
                },
                "axiosdata": {
                    "url": "/member/json/resdata",
                    "method": "post",
                    "req": {
                        "code": "data.a_code"
                    }
                }
            }
        ]
    }]
}